Skill,Frequency
Machine Learning,1881
Cloud,837
Python,560
Data Science,540
SQL,356
R,321
Data Analysis,278
AWS,274
Azure,234
Java,233
Power BI,202
Deep Learning,186
Big Data,139
Excel,122
ETL,81
PyTorch,79
Tableau,79
TensorFlow,72
Spark,63
Google Cloud,61
Kubernetes,48
Docker,37
Hadoop,10
Machine Learning,1881
Cloud,837
Python,560
Data Science,540
SQL,356
R,321
Data Analysis,278
AWS,274
Azure,234
Java,233
Power BI,202
Deep Learning,186
Big Data,139
Excel,122
ETL,81
PyTorch,79
Tableau,79
TensorFlow,72
Spark,63
Google Cloud,61
Kubernetes,48
Docker,37
Hadoop,10
Machine Learning,1881
Cloud,837
Python,560
Data Science,540
SQL,356
R,321
Data Analysis,278
AWS,274
Azure,234
Java,233
Power BI,202
Deep Learning,186
Big Data,139
Excel,122
ETL,81
PyTorch,79
Tableau,79
TensorFlow,72
Spark,63
Google Cloud,61
Kubernetes,48
Docker,37
Hadoop,10
Machine Learning,1881
Cloud,837
Python,560
Data Science,540
SQL,356
R,321
Data Analysis,278
AWS,274
Azure,234
Java,233
Power BI,202
Deep Learning,186
Big Data,139
Excel,122
ETL,81
PyTorch,79
Tableau,79
TensorFlow,72
Spark,63
Google Cloud,61
Kubernetes,48
Docker,37
Hadoop,10
Machine Learning,1881
Cloud,837
Python,560
Data Science,540
SQL,356
R,321
Data Analysis,278
AWS,274
Azure,234
Java,233
Power BI,202
Deep Learning,186
Big Data,139
Excel,122
ETL,81
PyTorch,79
Tableau,79
TensorFlow,72
Spark,63
Google Cloud,61
Kubernetes,48
Docker,37
Hadoop,10
Machine Learning,1881
Cloud,837
Python,560
Data Science,540
SQL,356
R,321
Data Analysis,278
AWS,274
Azure,234
Java,233
Power BI,202
Deep Learning,186
Big Data,139
Excel,122
ETL,81
PyTorch,79
Tableau,79
TensorFlow,72
Spark,63
Google Cloud,61
Kubernetes,48
Docker,37
Hadoop,10
Machine Learning,1881
Cloud,837
Python,560
Data Science,540
SQL,356
R,321
Data Analysis,278
AWS,274
Azure,234
Java,233
Power BI,202
Deep Learning,186
Big Data,139
Excel,122
ETL,81
PyTorch,79
Tableau,79
TensorFlow,72
Spark,63
Google Cloud,61
Kubernetes,48
Docker,37
Hadoop,10
Machine Learning,1881
Cloud,837
Python,560
Data Science,540
SQL,356
R,321
Data Analysis,278
AWS,274
Azure,234
Java,233
Power BI,202
Deep Learning,186
Big Data,139
Excel,122
ETL,81
PyTorch,79
Tableau,79
TensorFlow,72
Spark,63
Google Cloud,61
Kubernetes,48
Docker,37
Hadoop,10
Machine Learning,1881
Cloud,837
Python,560
Data Science,540
SQL,356
R,321
Data Analysis,278
AWS,274
Azure,234
Java,233
Power BI,202
Deep Learning,186
Big Data,139
Excel,122
ETL,81
PyTorch,79
Tableau,79
TensorFlow,72
Spark,63
Google Cloud,61
Kubernetes,48
Docker,37
Hadoop,10
Machine Learning,1881
Cloud,837
Python,560
Data Science,540
SQL,356
R,321
Data Analysis,278
AWS,274
Azure,234
Java,233
Power BI,202
Deep Learning,186
Big Data,139
Excel,122
ETL,81
PyTorch,79
Tableau,79
TensorFlow,72
Spark,63
Google Cloud,61
Kubernetes,48
Docker,37
Hadoop,10
Machine Learning,1881
Cloud,837
Python,560
Data Science,540
SQL,356
R,321
Data Analysis,278
AWS,274
Azure,234
Java,233
Power BI,202
Deep Learning,186
Big Data,139
Excel,122
ETL,81
PyTorch,79
Tableau,79
TensorFlow,72
Spark,63
Google Cloud,61
Kubernetes,48
Docker,37
Hadoop,10
Machine Learning,1881
Cloud,837
Python,560
Data Science,540
SQL,356
R,321
Data Analysis,278
AWS,274
Azure,234
Java,233
Power BI,202
Deep Learning,186
Big Data,139
Excel,122
ETL,81
PyTorch,79
Tableau,79
TensorFlow,72
Spark,63
Google Cloud,61
Kubernetes,48
Docker,37
Hadoop,10
Machine Learning,1881
Cloud,837
Python,560
Data Science,540
SQL,356
R,321
Data Analysis,278
AWS,274
Azure,234
Java,233
Power BI,202
Deep Learning,186
Big Data,139
Excel,122
ETL,81
PyTorch,79
Tableau,79
TensorFlow,72
Spark,63
Google Cloud,61
Kubernetes,48
Docker,37
Hadoop,10
Machine Learning,1881
Cloud,837
Python,560
Data Science,540
SQL,356
R,321
Data Analysis,278
AWS,274
Azure,234
Java,233
Power BI,202
Deep Learning,186
Big Data,139
Excel,122
ETL,81
PyTorch,79
Tableau,79
TensorFlow,72
Spark,63
Google Cloud,61
Kubernetes,48
Docker,37
Hadoop,10
Machine Learning,1881
Cloud,837
Python,560
Data Science,540
SQL,356
R,321
Data Analysis,278
AWS,274
Azure,234
Java,233
Power BI,202
Deep Learning,186
Big Data,139
Excel,122
ETL,81
PyTorch,79
Tableau,79
TensorFlow,72
Spark,63
Google Cloud,61
Kubernetes,48
Docker,37
Hadoop,10
Machine Learning,1881
Cloud,837
Python,560
Data Science,540
SQL,356
R,321
Data Analysis,278
AWS,274
Azure,234
Java,233
Power BI,202
Deep Learning,186
Big Data,139
Excel,122
ETL,81
PyTorch,79
Tableau,79
TensorFlow,72
Spark,63
Google Cloud,61
Kubernetes,48
Docker,37
Hadoop,10
Machine Learning,1881
Cloud,837
Python,560
Data Science,540
SQL,356
R,321
Data Analysis,278
AWS,274
Azure,234
Java,233
Power BI,202
Deep Learning,186
Big Data,139
Excel,122
ETL,81
PyTorch,79
Tableau,79
TensorFlow,72
Spark,63
Google Cloud,61
Kubernetes,48
Docker,37
Hadoop,10
